Epochs,hidden_layers,k,Accuracy,time
100,10_10_10_,5,0.375,1.3343830108642578
Epochs,hidden_layers,k,Accuracy,time
100,10_10_10_,5,0.125,1.3760919570922852
100,10_10_10_,5,0.25,1.3442459106445312
